emissor,asset_class,grupo,tier,status,cobertura_oficial_cvm,tipo_match,confianca_match,companhia_casada,cnpj_casado,codigo_cvm_casado,identificador_usado,n_candidatos,candidatos,protocolos_no_ano,ultima_entrega,categorias,motivo_decisao
Ambev,listada,listed_companies,1,revisar,revisar,revisar,baixa,,,,,2,AMBEV S.A.; COMPANHIA DE BEBIDAS DAS AMÉRICAS-AMBEV,0,,,2 companhias no cadastro CVM batem com o nome — definir código CVM/CNPJ manualmente.
B3,listada,listed_companies,1,filiante_cvm,sim,codigo_cvm,alta,"B3 S.A. - BRASIL, BOLSA, BALCÃO",09346601000125,21610,cod_cvm:21610,0,,81,2026-07-24,Assembleia; Aviso aos Acionistas; Comunicado ao Mercado; Dados Econômico-Financeiros; Estatuto Social; Fato Relevante,Código CVM 21610 (cadastro_cvm(auto)) casado no IPE.
BTG Pactual,listada,listed_companies,1,revisar,revisar,revisar,baixa,,,,,4,BANCO BTG PACTUAL S/A; BTG PACTUAL COMMODITIES SERTRADING S.A.; BTG PACTUAL HOLDING PARTICIPAÇÕES S.A.; BTG PACTUAL SERVIÇOS FINANCEIROS S/A DTVM,0,,,4 companhias no cadastro CVM batem com o nome — definir código CVM/CNPJ manualmente.
Banco do Brasil,listada,listed_companies,1,filiante_cvm,sim,codigo_cvm,alta,BANCO DO BRASIL S.A.,00000000000191,1023,cod_cvm:1023,0,,130,2026-07-23,Assembleia; Calendário de Eventos Corporativos; Carta Anual de Governança Corporativa; Comunicado ao Mercado; Comunicação sobre Transação entre Partes Relacionadas; Contratos de Indenidade,Código CVM 1023 (cadastro_cvm(auto)) casado no IPE.
Bradesco,listada,listed_companies,1,revisar,revisar,revisar,baixa,,,,,12,BANCO BRADESCO BBI S.A.; BANCO BRADESCO BERJ S.A.; BANCO BRADESCO S.A.; BCO BRADESCO INVESTIMENTO SA; BRADESCO BCN LEASING S/A ARR MERCANTIL; BRADESCO LEASING S.A. - ARRENDAMENTO MERCANTIL,0,,,12 companhias no cadastro CVM batem com o nome — definir código CVM/CNPJ manualmente.
Eletrobras,listada,listed_companies,1,esperado_filiante_sem_protocolo_no_ano,nao,id_forte_sem_protocolo,alta,,,,cod_cvm:15784,0,,0,,,"Identificador forte (cadastro_cvm(auto)) declarado, sem protocolo no IPE do ano."
Equatorial Energia,listada,listed_companies,1,revisar,revisar,revisar,baixa,,,,,5,EQUATORIAL GOIAS DISTRIBUIDORA DE ENERGIA S.A.; EQUATORIAL GOIAS DISTRIBUIDORA DE ENERGIA S.A.; EQUATORIAL MARANHÃO DISTRIBUIDORA DE ENERGIA S.A.; EQUATORIAL PARÁ DISTRIBUIDORA DE ENERGIA S.A.; EQUATORIAL S.A.,0,,,5 companhias no cadastro CVM batem com o nome — definir código CVM/CNPJ manualmente.
Itaú Unibanco,listada,listed_companies,1,revisar,revisar,revisar,baixa,,,,,8,ITAÚ UNIBANCO HOLDING S.A.; ITAÚ UNIBANCO HOLDING S.A.; ITAU UNIBANCO S.A.; ITAUBANK LEASING SA ARREND MERCANTIL (SUCEDIDA POR ITAU UNIBANCO SA E DIBENS LEASING SA ARR. MERCANT; BANCO ITAU BBA  S.A.; CIMENTO ITAU DE CORUMBA SA,0,,,8 companhias no cadastro CVM batem com o nome — definir código CVM/CNPJ manualmente.
Localiza,listada,listed_companies,1,revisar,revisar,revisar,baixa,,,,,2,LOCALIZA  FLEET S.A.; LOCALIZA RENT A CAR SA,0,,,2 companhias no cadastro CVM batem com o nome — definir código CVM/CNPJ manualmente.
PRIO,listada,listed_companies,1,revisar,revisar,revisar,baixa,,,,,3,PRIO FORTE S.A.; PRIO FORTE S.A.; PRIO S.A.,0,,,3 companhias no cadastro CVM batem com o nome — definir código CVM/CNPJ manualmente.
Petrobras,listada,listed_companies,1,revisar,revisar,revisar,baixa,,,,,2,PETROBRAS QUÍMICA S.A.- PETROQUISA; PETRÓLEO BRASILEIRO S.A. - PETROBRAS,0,,,2 companhias no cadastro CVM batem com o nome — definir código CVM/CNPJ manualmente.
Raia Drogasil,listada,listed_companies,1,filiante_cvm,sim,codigo_cvm,alta,RAIA DROGASIL S.A.,61585865000151,5258,cod_cvm:5258,0,,69,2026-07-10,Assembleia; Aviso aos Acionistas; Comunicado ao Mercado; Dados Econômico-Financeiros; Fato Relevante; Relatório Proventos,Código CVM 5258 (cadastro_cvm(auto)) casado no IPE.
Rede D'Or,listada,listed_companies,1,filiante_cvm,sim,codigo_cvm,alta,REDE D'OR SÃO LUIZ S.A.,06047087000139,24821,cod_cvm:24821,0,,63,2026-07-21,Assembleia; Aviso aos Acionistas; Aviso aos Debenturistas; Calendário de Eventos Corporativos; Comunicado ao Mercado; Dados Econômico-Financeiros,Código CVM 24821 (cadastro_cvm(auto)) casado no IPE.
Suzano,listada,listed_companies,1,revisar,revisar,revisar,baixa,,,,,3,COMPANHIA SUZANO DE PAPEL E CELULOSE; SUZANO HOLDING S.A.; SUZANO S.A.,0,,,3 companhias no cadastro CVM batem com o nome — definir código CVM/CNPJ manualmente.
Vale,listada,listed_companies,1,filiante_cvm,sim,codigo_cvm,alta,VALE S.A.,33592510000154,4170,cod_cvm:4170,0,,169,2026-07-22,Assembleia; Aviso aos Acionistas; Aviso aos Debenturistas; Calendário de Eventos Corporativos; Comunicado ao Mercado; Comunicação sobre Transação entre Partes Relacionadas,Código CVM 4170 (cadastro_local) casado no IPE.
Vibra Energia,listada,listed_companies,1,revisar,revisar,revisar,baixa,,,,,2,VIBRA ENERGIA S/A; VIBRA ENERGIA S/A,0,,,2 companhias no cadastro CVM batem com o nome — definir código CVM/CNPJ manualmente.
Axia Energia,listada,listed_companies,2,revisar,revisar,revisar,baixa,,,,,4,AXIA ENERGIA NORDESTE S.A.; AXIA ENERGIA NORTE S.A.; AXIA ENERGIA S.A.; AXIA ENERGIA SUL S.A.,0,,,4 companhias no cadastro CVM batem com o nome — definir código CVM/CNPJ manualmente.
BRF,listada,listed_companies,2,revisar,revisar,revisar,baixa,BRF S.A.,01838723000127,16292,,1,BRF S.A.,41,2026-07-22,Assembleia; Calendário de Eventos Corporativos; Comunicado ao Mercado; Dados Econômico-Financeiros; Escrituras e aditamentos de debêntures; Fato Relevante,"Casou apenas por termo curto (BRF, BRF) dentro de 'BRF S.A.' — risco de homônimo; confirmar por CNPJ/código CVM."
CPFL Energia,listada,listed_companies,2,revisar,revisar,revisar,baixa,,,,,6,CPFL ENERGIA SA; COMPANHIA PAULISTA DE FORCA LUZ - CPFL; CPFL ENERGIAS RENOVÁVEIS S.A.; CPFL GERAÇÃO DE ENERGIA S/A; CPFL JAGUARIÚNA S.A.; CPFL TRANSMISSÃO S.A.,0,,,6 companhias no cadastro CVM batem com o nome — definir código CVM/CNPJ manualmente.
Caixa Seguridade,listada,listed_companies,2,filiante_cvm,sim,codigo_cvm,alta,CAIXA SEGURIDADE PARTICIPAÇÕES S.A.,22543331000100,23795,cod_cvm:23795,0,,67,2026-07-23,Assembleia; Aviso aos Acionistas; Calendário de Eventos Corporativos; Carta Anual de Governança Corporativa; Comunicado ao Mercado; Dados Econômico-Financeiros,Código CVM 23795 (cadastro_cvm(auto)) casado no IPE.
Cemig,listada,listed_companies,2,revisar,revisar,revisar,baixa,,,,,4,CEMIG DISTRIBUIÇÃO S/A; CEMIG GERAÇÃO E TRANSMISSÃO S/A; CEMIG TELECOMUNICAÇÕES S/A; CIA ENERG MINAS GERAIS - CEMIG,0,,,4 companhias no cadastro CVM batem com o nome — definir código CVM/CNPJ manualmente.
Construtora Tenda,listada,listed_companies,2,filiante_cvm,sim,codigo_cvm,alta,CONSTRUTORA TENDA S/A,71476527000135,21148,cod_cvm:21148,0,,105,2026-07-17,Assembleia; Aviso aos Acionistas; Comunicado ao Mercado; Dados Econômico-Financeiros; Estatuto Social; Fato Relevante,Código CVM 21148 (cadastro_cvm(auto)) casado no IPE.
Copel,listada,listed_companies,2,revisar,revisar,revisar,baixa,,,,,3,COMPANHIA PARANAENSE DE ENERGIA COPEL; COPEL DISTRIBUIÇÃO S.A.; COPEL GERAÇÃO E TRANSMISSÃO S/A,0,,,3 companhias no cadastro CVM batem com o nome — definir código CVM/CNPJ manualmente.
Cosan,listada,listed_companies,2,revisar,revisar,revisar,baixa,,,,,3,COSAN ALIMENTOS S.A.; COSAN LOGÍSTICA S.A.; COSAN S.A.,0,,,3 companhias no cadastro CVM batem com o nome — definir código CVM/CNPJ manualmente.
Embraer,listada,listed_companies,2,revisar,revisar,revisar,baixa,,,,,2,EMBRAER EMP BRAS AERON SA; EMBRAER S.A.,0,,,2 companhias no cadastro CVM batem com o nome — definir código CVM/CNPJ manualmente.
Eneva,listada,listed_companies,2,filiante_cvm,sim,codigo_cvm,alta,ENEVA S.A.,04423567000121,21237,cod_cvm:21237,0,,92,2026-07-23,Assembleia; Aviso aos Acionistas; Calendário de Eventos Corporativos; Comunicado ao Mercado; Código de Conduta; Dados Econômico-Financeiros,Código CVM 21237 (cadastro_cvm(auto)) casado no IPE.
Engie Brasil,listada,listed_companies,2,filiante_cvm,sim,codigo_cvm,alta,ENGIE BRASIL ENERGIA S.A.,02474103000119,17329,cod_cvm:17329,0,,132,2026-07-20,Assembleia; Aviso aos Acionistas; Aviso aos Debenturistas; Calendário de Eventos Corporativos; Comunicado ao Mercado; Comunicação sobre Transação entre Partes Relacionadas,Código CVM 17329 (cadastro_cvm(auto)) casado no IPE.
Gerdau,listada,listed_companies,2,revisar,revisar,revisar,baixa,,,,,3,GERDAU S.A.; GERDAU SERV INFORMATICA SA GSI; METALURGICA GERDAU SA,0,,,3 companhias no cadastro CVM batem com o nome — definir código CVM/CNPJ manualmente.
Hapvida,listada,listed_companies,2,filiante_cvm,sim,codigo_cvm,alta,HAPVIDA PARTICIPAÇÕES E INVESTIMENTOS S.A.,05197443000138,24392,cod_cvm:24392,0,,72,2026-07-10,Assembleia; Aviso aos Acionistas; Calendário de Eventos Corporativos; Comunicado ao Mercado; Dados Econômico-Financeiros; Estatuto Social,Código CVM 24392 (cadastro_cvm(auto)) casado no IPE.
ISA Energia Brasil,listada,listed_companies,2,filiante_cvm,sim,codigo_cvm,alta,ISA ENERGIA BRASIL S.A.,02998611000104,18376,cod_cvm:18376,0,,135,2026-07-24,Assembleia; Aviso aos Acionistas; Aviso aos Debenturistas; Calendário de Eventos Corporativos; Comunicado ao Mercado; Dados Econômico-Financeiros,Código CVM 18376 (cadastro_cvm(auto)) casado no IPE.
Itaúsa,listada,listed_companies,2,filiante_cvm,sim,codigo_cvm,alta,ITAUSA S.A.,61532644000115,7617,cod_cvm:7617,0,,76,2026-07-08,Assembleia; Aviso aos Acionistas; Comunicado ao Mercado; Comunicação sobre Transação entre Partes Relacionadas; Dados Econômico-Financeiros; Estatuto Social,Código CVM 7617 (cadastro_cvm(auto)) casado no IPE.
JBS,listada,listed_companies,2,revisar,revisar,revisar,baixa,,,,,4,JBS FOODS INTERNATIONAL DESIGNATED ACTIVITY COMPAN; JBS FOODS INTERNATIONAL DESIGNATED ACTIVITY COMPAN; JBS SA; JBS N.V.,0,,,4 companhias possíveis por nome/alias — identificador forte necessário para desambiguar.
Klabin,listada,listed_companies,2,revisar,revisar,revisar,baixa,,,,,3,IKPC INDS KLABIN PAPEL CEL SA; KLABIN S.A.; KLABIN SEGALL S/A,0,,,3 companhias no cadastro CVM batem com o nome — definir código CVM/CNPJ manualmente.
Lojas Renner,listada,listed_companies,2,revisar,revisar,revisar,baixa,,,,,4,LOJAS RENNER SA; A J RENNER SA IND E PARTIP; RENNER HERRMANN SA; RENNER PARTICIPAÇÕES SA,0,,,4 companhias no cadastro CVM batem com o nome — definir código CVM/CNPJ manualmente.
Motiva,listada,listed_companies,2,filiante_cvm,sim,codigo_cvm,alta,MOTIVA INFRAESTRUTURA DE MOBILIDADE S.A.,02846056000197,18821,cod_cvm:18821,0,,79,2026-07-22,Assembleia; Aviso aos Acionistas; Calendário de Eventos Corporativos; Comunicado ao Mercado; Dados Econômico-Financeiros; Estatuto Social,Código CVM 18821 (cadastro_cvm(auto)) casado no IPE.
Natura &Co,listada,listed_companies,2,revisar,revisar,revisar,baixa,,,,,2,NATURA & CO HOLDING S.A.; NATURA COSMETICOS SA,0,,,2 companhias no cadastro CVM batem com o nome — definir código CVM/CNPJ manualmente.
Porto,listada,listed_companies,2,revisar,revisar,revisar,baixa,,,,,7,CERAMICA PORTO FERREIRA SA; PORTO DE VITÓRIA COMPANHIA SECURITIZADORA DE CRÉDITOS FINANCEIROS S.A.; PORTO PONTA DO FELIX S/A; PORTO SAÚDE PARTICIPAÇÕES S.A.; PORTO SEGURO SA; PORTO SERVIÇO S.A,0,,,7 companhias no cadastro CVM batem com o nome — definir código CVM/CNPJ manualmente.
Rumo,listada,listed_companies,2,revisar,revisar,revisar,baixa,,,,,7,RUMO LOGÍSTICA OPERADORA MULTIMODAL S.A.; RUMO MALHA CENTRAL S.A.; RUMO MALHA NORTE S.A.; RUMO MALHA OESTE S.A.; RUMO MALHA PAULISTA S.A.; RUMO MALHA SUL S.A.,0,,,7 companhias no cadastro CVM batem com o nome — definir código CVM/CNPJ manualmente.
Sabesp,listada,listed_companies,2,esperado_filiante_sem_protocolo_no_ano,nao,sem_match,—,,,,,0,,0,,,"Nenhuma companhia do IPE casou por identificador, razão social, nome ou alias."
Santander Brasil,listada,listed_companies,2,revisar,revisar,revisar,baixa,,,,,7,SANTANDER BRASIL ARRENDAMENTO MERCANTIL S.A.; BANCO SANTANDER (BRASIL) S.A.; BANCO SANTANDER NOROESTE SA; BANCO SANTANDER S.A.; SANTANDER LEASING S.A. ARREND MERC; SANTANDER LEASING S.A. ARRENDAMENTO MERCANTIL,0,,,7 companhias no cadastro CVM batem com o nome — definir código CVM/CNPJ manualmente.
Smart Fit,listada,listed_companies,2,filiante_cvm,sim,codigo_cvm,alta,SMARTFIT ESCOLA DE GINÁSTICA E DANÇA S.A.,07594978000178,24260,cod_cvm:24260,0,,104,2026-07-10,Acordo de Acionistas; Assembleia; Aviso aos Acionistas; Aviso aos Debenturistas; Comunicado ao Mercado; Dados Econômico-Financeiros,Código CVM 24260 (cadastro_cvm(auto)) casado no IPE.
TIM Brasil,listada,listed_companies,2,filiante_cvm,sim,codigo_cvm,alta,TIM BRASIL SERVIÇOS E PARTICIPAÇÕES S.A.,02600854000134,27090,cod_cvm:27090,0,,20,2026-07-10,Assembleia; Aviso aos Debenturistas; Dados Econômico-Financeiros; Reunião da Administração; Valores Mobiliários negociados e detidos (art. 11 da Instr. CVM nº 358),Código CVM 27090 (cadastro_cvm(auto)) casado no IPE.
Telefônica Brasil,listada,listed_companies,2,revisar,revisar,revisar,baixa,,,,,2,TELEFÔNICA BRASIL S.A.; VIVO PARTICIPAÇÕES SA,0,,,2 companhias no cadastro CVM batem com o nome — definir código CVM/CNPJ manualmente.
Ultrapar,listada,listed_companies,2,revisar,revisar,revisar,baixa,,,,,2,ULTRAPAR PARTICIPAÇÕES SA; MELAMINA ULTRA S.A. INDÚSTRIA  QUÍMICA,0,,,2 companhias no cadastro CVM batem com o nome — definir código CVM/CNPJ manualmente.
WEG,listada,listed_companies,2,revisar,revisar,revisar,baixa,WEG SA,84429695000111,5410,,1,WEG SA,69,2026-07-24,Assembleia; Aviso aos Acionistas; Calendário de Eventos Corporativos; Comunicado ao Mercado; Dados Econômico-Financeiros; Política de Divulgação de Ato ou Fato Relevante,"Casou apenas por termo curto (WEG, WEG) dentro de 'WEG SA' — risco de homônimo; confirmar por CNPJ/código CVM."
Banco Mercantil do Brasil,listada,listed_companies,3,esperado_filiante_sem_protocolo_no_ano,nao,sem_match,—,,,,,0,,0,,,"Nenhuma companhia do IPE casou por identificador, razão social, nome ou alias."
Cyrela Brazil Realty,listada,listed_companies,3,filiante_cvm,sim,codigo_cvm,alta,CYRELA BRAZIL REALTY S.A.EMPREEND E PART,73178600000118,14460,cod_cvm:14460,0,,53,2026-07-13,Assembleia; Aviso aos Acionistas; Calendário de Eventos Corporativos; Comunicado ao Mercado; Código de Conduta; Dados Econômico-Financeiros,Código CVM 14460 (cadastro_cvm(auto)) casado no IPE.
Dasa,listada,listed_companies,3,filiante_cvm,sim,codigo_cvm,alta,DIAGNOSTICOS DA AMERICA SA,61486650000183,19623,cod_cvm:19623,0,,74,2026-07-23,Assembleia; Aviso aos Acionistas; Aviso aos Debenturistas; Comunicado ao Mercado; Dados Econômico-Financeiros; Documentos de Oferta de Distribuição Pública,Código CVM 19623 (cadastro_cvm(auto)) casado no IPE.
Direcional Engenharia,listada,listed_companies,3,filiante_cvm,sim,codigo_cvm,alta,DIRECIONAL ENGENHARIA SA,16614075000100,21350,cod_cvm:21350,0,,40,2026-07-08,Assembleia; Calendário de Eventos Corporativos; Comunicado ao Mercado; Dados Econômico-Financeiros; Escrituras e aditamentos de debêntures; Reunião da Administração,Código CVM 21350 (cadastro_cvm(auto)) casado no IPE.
Dommo Energia,listada,listed_companies,3,esperado_filiante_sem_protocolo_no_ano,nao,sem_match,—,,,,,0,,0,,,"Nenhuma companhia do IPE casou por identificador, razão social, nome ou alias."
Energisa,listada,listed_companies,3,revisar,revisar,revisar,baixa,,,,,8,ENERGISA MATO GROSSO DO SUL - DIST DE ENERGIA S.A.; ENERGISA MATO GROSSO-DISTRIBUIDORA DE ENERGIA S/A; ENERGISA MINAS RIO - DISTRIBUIDORA DE ENERGIA S/A; ENERGISA PARAÍBA - DISTRIBUIDORA DE ENERGIA S/A; ENERGISA SA; ENERGISA SERGIPE - DISTRIBUIDORA DE ENERGIA S/A,0,,,8 companhias no cadastro CVM batem com o nome — definir código CVM/CNPJ manualmente.
Multiplan,listada,listed_companies,3,filiante_cvm,sim,codigo_cvm,alta,MULTIPLAN - EMPREEND IMOBILIARIOS S.A.,07816890000153,20982,cod_cvm:20982,0,,96,2026-07-17,Assembleia; Aviso aos Acionistas; Aviso aos Debenturistas; Comunicado ao Mercado; Dados Econômico-Financeiros; Escrituras e aditamentos de debêntures,Código CVM 20982 (cadastro_cvm(auto)) casado no IPE.
Nubank (Nu Holdings),listada,listed_companies,3,esperado_filiante_sem_protocolo_no_ano,nao,sem_match,—,,,,,0,,0,,,"Nenhuma companhia do IPE casou por identificador, razão social, nome ou alias."
Odontoprev,listada,listed_companies,3,esperado_filiante_sem_protocolo_no_ano,nao,sem_match,—,,,,,0,,0,,,"Nenhuma companhia do IPE casou por identificador, razão social, nome ou alias."
Orizon Valorização de Resíduos,listada,listed_companies,3,filiante_cvm,sim,codigo_cvm,alta,ORIZON VALORIZAÇÃO DE RESÍDUOS S.A.,11421994000136,25550,cod_cvm:25550,0,,84,2026-07-24,Acordo de Acionistas; Assembleia; Aviso aos Acionistas; Comunicado ao Mercado; Dados Econômico-Financeiros; Documentos de Oferta de Distribuição Pública,Código CVM 25550 (cadastro_cvm(auto)) casado no IPE.
StoneCo,listada,listed_companies,3,esperado_filiante_sem_protocolo_no_ano,nao,sem_match,—,,,,,0,,0,,,"Nenhuma companhia do IPE casou por identificador, razão social, nome ou alias."
Tupy,listada,listed_companies,3,revisar,revisar,revisar,baixa,,,,,2,TUPY METALMECANICA SA; TUPY SA,0,,,2 companhias no cadastro CVM batem com o nome — definir código CVM/CNPJ manualmente.
Usiminas,listada,listed_companies,3,filiante_cvm,sim,codigo_cvm,alta,USINAS SID DE MINAS GERAIS S.A.-USIMINAS,60894730000105,14320,cod_cvm:14320,0,,47,2026-07-23,Assembleia; Aviso aos Acionistas; Calendário de Eventos Corporativos; Comunicado ao Mercado; Dados Econômico-Financeiros; Estatuto Social,Código CVM 14320 (cadastro_cvm(auto)) casado no IPE.
Vamos,listada,listed_companies,3,filiante_cvm,sim,codigo_cvm,alta,"VAMOS LOCAÇÃO DE CAMINHÕES, MÁQUINAS E EQUIPAMENTOS S.A.",23373000000132,24716,cod_cvm:24716,0,,92,2026-07-16,Acordo de Acionistas; Assembleia; Aviso aos Acionistas; Calendário de Eventos Corporativos; Comunicado ao Mercado; Dados Econômico-Financeiros,Código CVM 24716 (cadastro_cvm(auto)) casado no IPE.
AGV,nao_listada,nao_listada,2,nao_filiante,nao,sem_match,—,,,,,0,,0,,,"Nenhuma companhia do IPE casou por identificador, razão social, nome ou alias."
Aegea Saneamento,nao_listada,nao_listada,2,filiante_cvm,sim,codigo_cvm,alta,AEGEA SANEAMENTO E PARTICIPAÇÕES S.A.,08827501000158,23396,cod_cvm:23396,0,,78,2026-07-07,Acordo de Acionistas; Assembleia; Comunicado ao Mercado; Contratos de Indenidade; Dados Econômico-Financeiros; Documentos de Oferta de Distribuição Pública,Código CVM 23396 (cadastro_cvm(auto)) casado no IPE.
Austral Participações,nao_listada,nao_listada,2,nao_filiante,nao,sem_match,—,,,,,0,,0,,,"Nenhuma companhia do IPE casou por identificador, razão social, nome ou alias."
Oceana Offshore,nao_listada,nao_listada,2,nao_filiante,nao,sem_match,—,,,,,0,,0,,,"Nenhuma companhia do IPE casou por identificador, razão social, nome ou alias."
Outback Brasil,nao_listada,nao_listada,2,nao_filiante,nao,sem_match,—,,,,,0,,0,,,"Nenhuma companhia do IPE casou por identificador, razão social, nome ou alias."
Tok&Stok,nao_listada,nao_listada,2,nao_filiante,nao,sem_match,—,,,,,0,,0,,,"Nenhuma companhia do IPE casou por identificador, razão social, nome ou alias."
Vias Participações,nao_listada,nao_listada,2,nao_filiante,nao,sem_match,—,,,,,0,,0,,,"Nenhuma companhia do IPE casou por identificador, razão social, nome ou alias."
Arapuã Florestal,nao_listada,nao_listada,3,nao_filiante,nao,sem_match,—,,,,,0,,0,,,"Nenhuma companhia do IPE casou por identificador, razão social, nome ou alias."
Banco BV,nao_listada,nao_listada,3,nao_filiante,nao,sem_match,—,,,,,0,,0,,,"Nenhuma companhia do IPE casou por identificador, razão social, nome ou alias."
Banco CNH Industrial,nao_listada,nao_listada,3,nao_filiante,nao,sem_match,—,,,,,0,,0,,,"Nenhuma companhia do IPE casou por identificador, razão social, nome ou alias."
Banco Stellantis,nao_listada,nao_listada,3,nao_filiante,nao,sem_match,—,,,,,0,,0,,,"Nenhuma companhia do IPE casou por identificador, razão social, nome ou alias."
Bio Phyllas Florestal,nao_listada,nao_listada,3,nao_filiante,nao,sem_match,—,,,,,0,,0,,,"Nenhuma companhia do IPE casou por identificador, razão social, nome ou alias."
Ciranda Holding,nao_listada,nao_listada,3,nao_filiante,nao,sem_match,—,,,,,0,,0,,,"Nenhuma companhia do IPE casou por identificador, razão social, nome ou alias."
Fisia,nao_listada,nao_listada,3,filiante_cvm,sim,codigo_cvm,alta,FISIA COMÉRCIO DE PRODUTOS ESPORTIVOS S.A.,59546515000134,27529,cod_cvm:27529,0,,23,2026-07-16,Assembleia; Dados Econômico-Financeiros; Reunião da Administração; Valores Mobiliários negociados e detidos (art. 11 da Instr. CVM nº 358),Código CVM 27529 (cadastro_cvm(auto)) casado no IPE.
GSH Corp,nao_listada,nao_listada,3,filiante_cvm,sim,codigo_cvm,alta,GSH CORP PARTICIPAÇÕES S.A.,08397078000101,26603,cod_cvm:26603,0,,31,2026-07-01,Assembleia; Comunicado ao Mercado; Dados Econômico-Financeiros; Documentos de Oferta de Distribuição Pública; Escrituras e aditamentos de debêntures; Estatuto Social,Código CVM 26603 (cadastro_cvm(auto)) casado no IPE.
Grupo CVLB,nao_listada,nao_listada,3,filiante_cvm,sim,codigo_cvm,alta,CVLB BRASIL S.A.,16233389000155,25542,cod_cvm:25542,0,,14,2026-07-17,Assembleia; Comunicado ao Mercado; Dados Econômico-Financeiros; Estatuto Social; Fato Relevante; Informações de Companhias em Recuperação Judicial ou Extrajudicial,Código CVM 25542 (cadastro_cvm(auto)) casado no IPE.
Hospital Care,nao_listada,nao_listada,3,filiante_cvm,sim,codigo_cvm,alta,HOSPITAL CARE CALEDONIA S.A.,25249439000183,25771,cod_cvm:25771,0,,35,2026-07-24,Assembleia; Aviso aos Acionistas; Dados Econômico-Financeiros; Estatuto Social; Reunião da Administração,Código CVM 25771 (cadastro_cvm(auto)) casado no IPE.
Imbuia Florestal,nao_listada,nao_listada,3,nao_filiante,nao,sem_match,—,,,,,0,,0,,,"Nenhuma companhia do IPE casou por identificador, razão social, nome ou alias."
Minum Genco,nao_listada,nao_listada,3,nao_filiante,nao,sem_match,—,,,,,0,,0,,,"Nenhuma companhia do IPE casou por identificador, razão social, nome ou alias."
Nova Esperança Florestal,nao_listada,nao_listada,3,nao_filiante,nao,sem_match,—,,,,,0,,0,,,"Nenhuma companhia do IPE casou por identificador, razão social, nome ou alias."
Samarco Mineração,nao_listada,nao_listada,3,nao_filiante,nao,sem_match,—,,,,,0,,0,,,"Nenhuma companhia do IPE casou por identificador, razão social, nome ou alias."
Tarumã Florestal,nao_listada,nao_listada,3,nao_filiante,nao,sem_match,—,,,,,0,,0,,,"Nenhuma companhia do IPE casou por identificador, razão social, nome ou alias."
Uro Grandis Florestal,nao_listada,nao_listada,3,nao_filiante,nao,sem_match,—,,,,,0,,0,,,"Nenhuma companhia do IPE casou por identificador, razão social, nome ou alias."
Ápice Florestal,nao_listada,nao_listada,3,nao_filiante,nao,sem_match,—,,,,,0,,0,,,"Nenhuma companhia do IPE casou por identificador, razão social, nome ou alias."
Vinci Credit Securities FII,fii,fii,2,nao_aplicavel_dataset_ipe,n/a,sem_match,n/a,,,,,0,,0,,,"FII não é coberto pelo dataset IPE de companhias abertas; a cobertura oficial de fundos depende do dataset de fundos da CVM (informes/eventos de fundos estruturados), a implementar. Nenhuma companhia do IPE casou por identificador, razão social, nome ou alias."
Vinci Crédito Agro FIAGRO,fii,fii,2,nao_aplicavel_dataset_ipe,n/a,sem_match,n/a,,,,,0,,0,,,"FII não é coberto pelo dataset IPE de companhias abertas; a cobertura oficial de fundos depende do dataset de fundos da CVM (informes/eventos de fundos estruturados), a implementar. Nenhuma companhia do IPE casou por identificador, razão social, nome ou alias."
Vinci Energia FIP-IE,fii,fii,2,nao_aplicavel_dataset_ipe,n/a,sem_match,n/a,,,,,0,,0,,,"FII não é coberto pelo dataset IPE de companhias abertas; a cobertura oficial de fundos depende do dataset de fundos da CVM (informes/eventos de fundos estruturados), a implementar. Nenhuma companhia do IPE casou por identificador, razão social, nome ou alias."
Vinci Imóveis Urbanos FII,fii,fii,2,nao_aplicavel_dataset_ipe,n/a,sem_match,n/a,,,,,0,,0,,,"FII não é coberto pelo dataset IPE de companhias abertas; a cobertura oficial de fundos depende do dataset de fundos da CVM (informes/eventos de fundos estruturados), a implementar. Nenhuma companhia do IPE casou por identificador, razão social, nome ou alias."
Vinci Logística FII,fii,fii,2,nao_aplicavel_dataset_ipe,n/a,sem_match,n/a,,,,,0,,0,,,"FII não é coberto pelo dataset IPE de companhias abertas; a cobertura oficial de fundos depende do dataset de fundos da CVM (informes/eventos de fundos estruturados), a implementar. Nenhuma companhia do IPE casou por identificador, razão social, nome ou alias."
Vinci Offices FII,fii,fii,2,nao_aplicavel_dataset_ipe,n/a,sem_match,n/a,,,,,0,,0,,,"FII não é coberto pelo dataset IPE de companhias abertas; a cobertura oficial de fundos depende do dataset de fundos da CVM (informes/eventos de fundos estruturados), a implementar. Nenhuma companhia do IPE casou por identificador, razão social, nome ou alias."
Vinci Oportunidade Residencial FII,fii,fii,2,nao_aplicavel_dataset_ipe,n/a,sem_match,n/a,,,,,0,,0,,,"FII não é coberto pelo dataset IPE de companhias abertas; a cobertura oficial de fundos depende do dataset de fundos da CVM (informes/eventos de fundos estruturados), a implementar. Nenhuma companhia do IPE casou por identificador, razão social, nome ou alias."
Vinci Shopping Centers FII,fii,fii,2,nao_aplicavel_dataset_ipe,n/a,sem_match,n/a,,,,,0,,0,,,"FII não é coberto pelo dataset IPE de companhias abertas; a cobertura oficial de fundos depende do dataset de fundos da CVM (informes/eventos de fundos estruturados), a implementar. Nenhuma companhia do IPE casou por identificador, razão social, nome ou alias."
Patria,gestora_fundo,gestora_fundo,2,nao_aplicavel_veiculo,n/a,id_forte_sem_protocolo,alta,,,,cod_cvm:17744,0,,0,,,"Identificador forte (cadastro_cvm(auto)) declarado, sem protocolo no IPE do ano."
Genoa Capital,gestora_fundo,gestora_fundo,3,nao_aplicavel_veiculo,n/a,sem_match,—,,,,,0,,0,,,"Nenhuma companhia do IPE casou por identificador, razão social, nome ou alias."
Jgp,gestora_fundo,gestora_fundo,3,nao_aplicavel_veiculo,n/a,sem_match,—,,,,,0,,0,,,"Nenhuma companhia do IPE casou por identificador, razão social, nome ou alias."
Kapitalo,gestora_fundo,gestora_fundo,3,nao_aplicavel_veiculo,n/a,sem_match,—,,,,,0,,0,,,"Nenhuma companhia do IPE casou por identificador, razão social, nome ou alias."
Navi,gestora_fundo,gestora_fundo,3,nao_aplicavel_veiculo,n/a,sem_match,—,,,,,0,,0,,,"Nenhuma companhia do IPE casou por identificador, razão social, nome ou alias."
Principal Claritas,gestora_fundo,gestora_fundo,3,nao_aplicavel_veiculo,n/a,sem_match,—,,,,,0,,0,,,"Nenhuma companhia do IPE casou por identificador, razão social, nome ou alias."
Spx,gestora_fundo,gestora_fundo,3,nao_aplicavel_veiculo,n/a,sem_match,—,,,,,0,,0,,,"Nenhuma companhia do IPE casou por identificador, razão social, nome ou alias."
