company,coverage_status,source,configured,attempted,technical_success,items_found,validated,note
Ambev,COVERAGE_OK_EVENTS_FOUND,GNEWS,True,True,True,15,False,
Ambev,COVERAGE_OK_EVENTS_FOUND,RI_RSS,False,False,False,0,False,
Ambev,COVERAGE_OK_EVENTS_FOUND,RI_NEWS,True,True,True,5,True,
Ambev,COVERAGE_OK_EVENTS_FOUND,EDGAR,False,False,False,0,False,
Ambev,COVERAGE_OK_EVENTS_FOUND,REGULADOR_LOCAL,True,True,True,57,True,"identificador=23264 (razao_social); 57 documento(s) retornado(s), 57 aceito(s)."
B3,ONLY_INFORMATIONAL_FOUND,GNEWS,True,True,True,15,False,
B3,ONLY_INFORMATIONAL_FOUND,RI_RSS,False,False,False,0,False,
B3,ONLY_INFORMATIONAL_FOUND,RI_NEWS,True,True,True,3,True,
B3,ONLY_INFORMATIONAL_FOUND,EDGAR,False,False,False,0,False,
B3,ONLY_INFORMATIONAL_FOUND,REGULADOR_LOCAL,True,True,True,81,True,"identificador=cod_cvm:21610 (codigo_cvm); 81 documento(s) retornado(s), 81 aceito(s)."
BTG Pactual,COVERAGE_OK_EVENTS_FOUND,GNEWS,True,True,True,15,False,
BTG Pactual,COVERAGE_OK_EVENTS_FOUND,RI_RSS,False,False,False,0,False,
BTG Pactual,COVERAGE_OK_EVENTS_FOUND,RI_NEWS,True,True,True,8,True,
BTG Pactual,COVERAGE_OK_EVENTS_FOUND,EDGAR,False,False,False,0,False,
BTG Pactual,COVERAGE_OK_EVENTS_FOUND,REGULADOR_LOCAL,True,True,True,65,True,"identificador=cod_cvm:22616 (codigo_cvm); 65 documento(s) retornado(s), 65 aceito(s)."
Banco do Brasil,ONLY_INFORMATIONAL_FOUND,GNEWS,True,True,True,15,False,
Banco do Brasil,ONLY_INFORMATIONAL_FOUND,RI_RSS,False,False,False,0,False,
Banco do Brasil,ONLY_INFORMATIONAL_FOUND,RI_NEWS,True,True,True,10,True,
Banco do Brasil,ONLY_INFORMATIONAL_FOUND,EDGAR,False,False,False,0,False,
Banco do Brasil,ONLY_INFORMATIONAL_FOUND,REGULADOR_LOCAL,True,True,True,133,True,"identificador=cod_cvm:1023 (codigo_cvm); 133 documento(s) retornado(s), 133 aceito(s)."
Bradesco,ONLY_INFORMATIONAL_FOUND,GNEWS,True,True,True,15,False,
Bradesco,ONLY_INFORMATIONAL_FOUND,RI_RSS,False,False,False,0,False,
Bradesco,ONLY_INFORMATIONAL_FOUND,RI_NEWS,True,True,True,7,True,
Bradesco,ONLY_INFORMATIONAL_FOUND,EDGAR,False,False,False,0,False,
Bradesco,ONLY_INFORMATIONAL_FOUND,REGULADOR_LOCAL,True,True,True,141,True,"identificador=cod_cvm:906 (codigo_cvm); 141 documento(s) retornado(s), 141 aceito(s)."
Eletrobras,COVERAGE_OK_EVENTS_FOUND,GNEWS,True,True,True,15,False,
Eletrobras,COVERAGE_OK_EVENTS_FOUND,RI_RSS,False,False,False,0,False,
Eletrobras,COVERAGE_OK_EVENTS_FOUND,RI_NEWS,True,True,True,7,True,
Eletrobras,COVERAGE_OK_EVENTS_FOUND,EDGAR,False,False,False,0,False,
Eletrobras,COVERAGE_OK_EVENTS_FOUND,REGULADOR_LOCAL,True,True,True,0,False,"identificador=cod_cvm:15784 (id_forte_sem_protocolo); 0 documento(s) retornado(s), 0 aceito(s)."
Equatorial Energia,COVERAGE_OK_EVENTS_FOUND,GNEWS,True,True,True,15,False,
Equatorial Energia,COVERAGE_OK_EVENTS_FOUND,RI_RSS,False,False,False,0,False,
Equatorial Energia,COVERAGE_OK_EVENTS_FOUND,RI_NEWS,True,True,True,9,True,
Equatorial Energia,COVERAGE_OK_EVENTS_FOUND,EDGAR,False,False,False,0,False,
Equatorial Energia,COVERAGE_OK_EVENTS_FOUND,REGULADOR_LOCAL,True,True,True,92,True,"identificador=cod_cvm:20010 (codigo_cvm); 92 documento(s) retornado(s), 92 aceito(s)."
Itaú Unibanco,ONLY_INFORMATIONAL_FOUND,GNEWS,True,True,True,15,False,
Itaú Unibanco,ONLY_INFORMATIONAL_FOUND,RI_RSS,False,False,False,0,False,
Itaú Unibanco,ONLY_INFORMATIONAL_FOUND,RI_NEWS,True,True,True,0,True,
Itaú Unibanco,ONLY_INFORMATIONAL_FOUND,EDGAR,False,False,False,0,False,
Itaú Unibanco,ONLY_INFORMATIONAL_FOUND,REGULADOR_LOCAL,True,True,True,114,True,"identificador=cod_cvm:19348 (codigo_cvm); 114 documento(s) retornado(s), 114 aceito(s)."
Localiza,ONLY_INFORMATIONAL_FOUND,GNEWS,True,True,True,15,False,
Localiza,ONLY_INFORMATIONAL_FOUND,RI_RSS,False,False,False,0,False,
Localiza,ONLY_INFORMATIONAL_FOUND,RI_NEWS,True,True,True,4,True,
Localiza,ONLY_INFORMATIONAL_FOUND,EDGAR,False,False,False,0,False,
Localiza,ONLY_INFORMATIONAL_FOUND,REGULADOR_LOCAL,True,True,True,97,True,"identificador=cod_cvm:19739 (codigo_cvm); 97 documento(s) retornado(s), 97 aceito(s)."
PRIO,COVERAGE_OK_EVENTS_FOUND,GNEWS,True,True,True,15,False,
PRIO,COVERAGE_OK_EVENTS_FOUND,RI_RSS,False,False,False,0,False,
PRIO,COVERAGE_OK_EVENTS_FOUND,RI_NEWS,True,True,True,19,True,
PRIO,COVERAGE_OK_EVENTS_FOUND,EDGAR,False,False,False,0,False,
PRIO,COVERAGE_OK_EVENTS_FOUND,REGULADOR_LOCAL,True,True,True,70,True,"identificador=22187 (razao_social); 70 documento(s) retornado(s), 70 aceito(s)."
Petrobras,ONLY_INFORMATIONAL_FOUND,GNEWS,True,True,True,15,False,
Petrobras,ONLY_INFORMATIONAL_FOUND,RI_RSS,False,False,False,0,False,
Petrobras,ONLY_INFORMATIONAL_FOUND,RI_NEWS,True,True,True,6,True,
Petrobras,ONLY_INFORMATIONAL_FOUND,EDGAR,False,False,False,0,False,
Petrobras,ONLY_INFORMATIONAL_FOUND,REGULADOR_LOCAL,True,True,True,194,True,"identificador=cod_cvm:9512 (codigo_cvm); 194 documento(s) retornado(s), 194 aceito(s)."
Raia Drogasil,COVERAGE_OK_EVENTS_FOUND,GNEWS,True,True,True,15,False,
Raia Drogasil,COVERAGE_OK_EVENTS_FOUND,RI_RSS,False,False,False,0,False,
Raia Drogasil,COVERAGE_OK_EVENTS_FOUND,RI_NEWS,True,True,True,7,True,
Raia Drogasil,COVERAGE_OK_EVENTS_FOUND,EDGAR,False,False,False,0,False,
Raia Drogasil,COVERAGE_OK_EVENTS_FOUND,REGULADOR_LOCAL,True,True,True,69,True,"identificador=cod_cvm:5258 (codigo_cvm); 69 documento(s) retornado(s), 69 aceito(s)."
Rede D'Or,ONLY_INFORMATIONAL_FOUND,GNEWS,True,True,True,15,False,
Rede D'Or,ONLY_INFORMATIONAL_FOUND,RI_RSS,False,False,False,0,False,
Rede D'Or,ONLY_INFORMATIONAL_FOUND,RI_NEWS,True,True,True,3,True,
Rede D'Or,ONLY_INFORMATIONAL_FOUND,EDGAR,False,False,False,0,False,
Rede D'Or,ONLY_INFORMATIONAL_FOUND,REGULADOR_LOCAL,True,True,True,63,True,"identificador=cod_cvm:24821 (codigo_cvm); 63 documento(s) retornado(s), 63 aceito(s)."
Suzano,COVERAGE_OK_EVENTS_FOUND,GNEWS,True,True,True,15,False,
Suzano,COVERAGE_OK_EVENTS_FOUND,RI_RSS,False,False,False,0,False,
Suzano,COVERAGE_OK_EVENTS_FOUND,RI_NEWS,True,True,True,5,True,
Suzano,COVERAGE_OK_EVENTS_FOUND,EDGAR,False,False,False,0,False,
Suzano,COVERAGE_OK_EVENTS_FOUND,REGULADOR_LOCAL,True,True,True,81,True,"identificador=cod_cvm:13986 (codigo_cvm); 81 documento(s) retornado(s), 81 aceito(s)."
Vale,COVERAGE_OK_EVENTS_FOUND,GNEWS,True,True,True,15,False,
Vale,COVERAGE_OK_EVENTS_FOUND,RI_RSS,False,False,False,0,False,
Vale,COVERAGE_OK_EVENTS_FOUND,RI_NEWS,True,True,True,15,True,
Vale,COVERAGE_OK_EVENTS_FOUND,EDGAR,False,False,False,0,False,
Vale,COVERAGE_OK_EVENTS_FOUND,REGULADOR_LOCAL,True,True,True,185,True,"identificador=cod_cvm:4170 (codigo_cvm); 185 documento(s) retornado(s), 185 aceito(s)."
Vibra Energia,ONLY_INFORMATIONAL_FOUND,GNEWS,True,True,True,15,False,
Vibra Energia,ONLY_INFORMATIONAL_FOUND,RI_RSS,False,False,False,0,False,
Vibra Energia,ONLY_INFORMATIONAL_FOUND,RI_NEWS,True,True,True,6,True,
Vibra Energia,ONLY_INFORMATIONAL_FOUND,EDGAR,False,False,False,0,False,
Vibra Energia,ONLY_INFORMATIONAL_FOUND,REGULADOR_LOCAL,True,True,True,74,True,"identificador=cod_cvm:24295 (codigo_cvm); 74 documento(s) retornado(s), 74 aceito(s)."
Yura,PARTIAL_COVERAGE,GNEWS,True,False,False,0,False,Emissor fora do bucket desta execução (sem entrada em international_search_execution).
Yura,PARTIAL_COVERAGE,RI_RSS,False,False,False,0,False,
Yura,PARTIAL_COVERAGE,RI_NEWS,True,True,True,0,False,"Validação manual (pesquisa dirigida, não telemetria automática de execução do pipeline) — ver PERU_SOURCE_VALIDATION."
Yura,PARTIAL_COVERAGE,EDGAR,False,False,False,0,False,
Yura,PARTIAL_COVERAGE,REGULADOR_LOCAL,False,False,False,0,False,
Trupal,NO_VALIDATED_OFFICIAL_SOURCE,GNEWS,True,False,False,0,False,Emissor fora do bucket desta execução (sem entrada em international_search_execution).
Trupal,NO_VALIDATED_OFFICIAL_SOURCE,RI_RSS,False,False,False,0,False,
Trupal,NO_VALIDATED_OFFICIAL_SOURCE,RI_NEWS,False,True,False,0,False,"Validação manual (pesquisa dirigida, não telemetria automática de execução do pipeline) — ver PERU_SOURCE_VALIDATION."
Trupal,NO_VALIDATED_OFFICIAL_SOURCE,EDGAR,False,False,False,0,False,
Trupal,NO_VALIDATED_OFFICIAL_SOURCE,REGULADOR_LOCAL,False,False,False,0,False,
Coazucar,FALLBACK_ONLY,GNEWS,True,True,True,3,False,
Coazucar,FALLBACK_ONLY,RI_RSS,False,False,False,0,False,
Coazucar,FALLBACK_ONLY,RI_NEWS,True,True,True,0,False,"Validação manual (pesquisa dirigida, não telemetria automática de execução do pipeline) — ver PERU_SOURCE_VALIDATION."
Coazucar,FALLBACK_ONLY,EDGAR,False,False,False,0,False,
Coazucar,FALLBACK_ONLY,REGULADOR_LOCAL,False,False,False,0,False,
Yobel,COLLECTION_FAILURE,GNEWS,True,False,False,0,False,Emissor fora do bucket desta execução (sem entrada em international_search_execution).
Yobel,COLLECTION_FAILURE,RI_RSS,False,False,False,0,False,
Yobel,COLLECTION_FAILURE,RI_NEWS,True,True,False,0,False,"Validação manual (pesquisa dirigida, não telemetria automática de execução do pipeline) — ver PERU_SOURCE_VALIDATION."
Yobel,COLLECTION_FAILURE,EDGAR,False,False,False,0,False,
Yobel,COLLECTION_FAILURE,REGULADOR_LOCAL,False,False,False,0,False,
Casa Grande S.A.A.,NO_VALIDATED_OFFICIAL_SOURCE,GNEWS,True,False,False,0,False,Emissor fora do bucket desta execução (sem entrada em international_search_execution).
Casa Grande S.A.A.,NO_VALIDATED_OFFICIAL_SOURCE,RI_RSS,False,False,False,0,False,
Casa Grande S.A.A.,NO_VALIDATED_OFFICIAL_SOURCE,RI_NEWS,False,True,False,0,False,"Validação manual (pesquisa dirigida, não telemetria automática de execução do pipeline) — ver PERU_SOURCE_VALIDATION."
Casa Grande S.A.A.,NO_VALIDATED_OFFICIAL_SOURCE,EDGAR,False,False,False,0,False,
Casa Grande S.A.A.,NO_VALIDATED_OFFICIAL_SOURCE,REGULADOR_LOCAL,False,False,False,0,False,
Cartavio S.A.A.,NO_VALIDATED_OFFICIAL_SOURCE,GNEWS,True,False,False,0,False,Emissor fora do bucket desta execução (sem entrada em international_search_execution).
Cartavio S.A.A.,NO_VALIDATED_OFFICIAL_SOURCE,RI_RSS,False,False,False,0,False,
Cartavio S.A.A.,NO_VALIDATED_OFFICIAL_SOURCE,RI_NEWS,False,True,False,0,False,"Validação manual (pesquisa dirigida, não telemetria automática de execução do pipeline) — ver PERU_SOURCE_VALIDATION."
Cartavio S.A.A.,NO_VALIDATED_OFFICIAL_SOURCE,EDGAR,False,False,False,0,False,
Cartavio S.A.A.,NO_VALIDATED_OFFICIAL_SOURCE,REGULADOR_LOCAL,False,False,False,0,False,
Agroindustrias San Jacinto S.A.,NO_VALIDATED_OFFICIAL_SOURCE,GNEWS,True,False,False,0,False,Emissor fora do bucket desta execução (sem entrada em international_search_execution).
Agroindustrias San Jacinto S.A.,NO_VALIDATED_OFFICIAL_SOURCE,RI_RSS,False,False,False,0,False,
Agroindustrias San Jacinto S.A.,NO_VALIDATED_OFFICIAL_SOURCE,RI_NEWS,False,True,False,0,False,"Validação manual (pesquisa dirigida, não telemetria automática de execução do pipeline) — ver PERU_SOURCE_VALIDATION."
Agroindustrias San Jacinto S.A.,NO_VALIDATED_OFFICIAL_SOURCE,EDGAR,False,False,False,0,False,
Agroindustrias San Jacinto S.A.,NO_VALIDATED_OFFICIAL_SOURCE,REGULADOR_LOCAL,False,False,False,0,False,
Empresa Agrícola Sintuco S.A.,NO_VALIDATED_OFFICIAL_SOURCE,GNEWS,True,False,False,0,False,Emissor fora do bucket desta execução (sem entrada em international_search_execution).
Empresa Agrícola Sintuco S.A.,NO_VALIDATED_OFFICIAL_SOURCE,RI_RSS,False,False,False,0,False,
Empresa Agrícola Sintuco S.A.,NO_VALIDATED_OFFICIAL_SOURCE,RI_NEWS,False,True,False,0,False,"Validação manual (pesquisa dirigida, não telemetria automática de execução do pipeline) — ver PERU_SOURCE_VALIDATION."
Empresa Agrícola Sintuco S.A.,NO_VALIDATED_OFFICIAL_SOURCE,EDGAR,False,False,False,0,False,
Empresa Agrícola Sintuco S.A.,NO_VALIDATED_OFFICIAL_SOURCE,REGULADOR_LOCAL,False,False,False,0,False,
Agrolmos S.,NO_VALIDATED_OFFICIAL_SOURCE,GNEWS,True,False,False,0,False,Emissor fora do bucket desta execução (sem entrada em international_search_execution).
Agrolmos S.,NO_VALIDATED_OFFICIAL_SOURCE,RI_RSS,False,False,False,0,False,
Agrolmos S.,NO_VALIDATED_OFFICIAL_SOURCE,RI_NEWS,False,True,False,0,False,"Validação manual (pesquisa dirigida, não telemetria automática de execução do pipeline) — ver PERU_SOURCE_VALIDATION."
Agrolmos S.,NO_VALIDATED_OFFICIAL_SOURCE,EDGAR,False,False,False,0,False,
Agrolmos S.,NO_VALIDATED_OFFICIAL_SOURCE,REGULADOR_LOCAL,False,False,False,0,False,
Empresa Agraria Chiquitoy S.A.,NO_VALIDATED_OFFICIAL_SOURCE,GNEWS,True,False,False,0,False,Emissor fora do bucket desta execução (sem entrada em international_search_execution).
Empresa Agraria Chiquitoy S.A.,NO_VALIDATED_OFFICIAL_SOURCE,RI_RSS,False,False,False,0,False,
Empresa Agraria Chiquitoy S.A.,NO_VALIDATED_OFFICIAL_SOURCE,RI_NEWS,False,True,False,0,False,"Validação manual (pesquisa dirigida, não telemetria automática de execução do pipeline) — ver PERU_SOURCE_VALIDATION."
Empresa Agraria Chiquitoy S.A.,NO_VALIDATED_OFFICIAL_SOURCE,EDGAR,False,False,False,0,False,
Empresa Agraria Chiquitoy S.A.,NO_VALIDATED_OFFICIAL_SOURCE,REGULADOR_LOCAL,False,False,False,0,False,
